{
  "Ansi 0 Color" : {
    "Red Component" : 0.11764705926179886,
    "Color Space" : "sRGB",
    "Blue Component" : 0.19607843458652496,
    "Alpha Component" : 1,
    "Green Component" : 0.12941177189350128
  },
  "Tags" : [

  ],
  "Ansi 12 Color" : {
    "Red Component" : 0.56862747669219971,
    "Color Space" : "sRGB",
    "Blue Component" : 0.81960785388946533,
    "Alpha Component" : 1,
    "Green Component" : 0.67450982332229614
  },
  "Use Non-ASCII Font" : false,
  "Reduce Flicker" : true,
  "Bold Color" : {
    "Red Component" : 0.7764706015586853,
    "Color Space" : "sRGB",
    "Blue Component" : 0.81960785388946533,
    "Alpha Component" : 1,
    "Green Component" : 0.78431373834609985
  },
  "Ansi 6 Color" : {
    "Red Component" : 0.5372549295425415,
    "Color Space" : "sRGB",
    "Blue Component" : 0.7607843279838562,
    "Alpha Component" : 1,
    "Green Component" : 0.72156864404678345
  },
  "Normal Font" : "InputNerdFontComplete-Regular 16",
  "Ansi 1 Color" : {
    "Red Component" : 0.88627451658248901,
    "Color Space" : "sRGB",
    "Blue Component" : 0.47058823704719543,
    "Alpha Component" : 1,
    "Green Component" : 0.47058823704719543
  },
  "Rows" : 40,
  "Default Bookmark" : "No",
  "Horizontal Spacing" : 1,
  "Blend" : 0.64056007274682969,
  "Ansi 3 Color" : {
    "Red Component" : 0.88627451658248901,
    "Color Space" : "sRGB",
    "Blue Component" : 0.47058823704719543,
    "Alpha Component" : 1,
    "Green Component" : 0.64313727617263794
  },
  "Cursor Guide Color" : {
    "Red Component" : 0.70213186740875244,
    "Color Space" : "sRGB",
    "Blue Component" : 1,
    "Alpha Component" : 0.25,
    "Green Component" : 0.9268307089805603
  },
  "Non-ASCII Anti Aliased" : true,
  "Use Bright Bold" : true,
  "Ansi 10 Color" : {
    "Red Component" : 0.75294119119644165,
    "Color Space" : "sRGB",
    "Blue Component" : 0.55686277151107788,
    "Alpha Component" : 1,
    "Green Component" : 0.7921568751335144
  },
  "Ambiguous Double Width" : false,
  "Jobs to Ignore" : [
    "rlogin",
    "ssh",
    "slogin",
    "telnet"
  ],
  "Ansi 15 Color" : {
    "Red Component" : 0.82352942228317261,
    "Color Space" : "sRGB",
    "Blue Component" : 0.87058824300765991,
    "Alpha Component" : 1,
    "Green Component" : 0.83137255907058716
  },
  "Foreground Color" : {
    "Red Component" : 0.7764706015586853,
    "Color Space" : "sRGB",
    "Blue Component" : 0.81960785388946533,
    "Alpha Component" : 1,
    "Green Component" : 0.78431373834609985
  },
  "Working Directory" : "\/Users\/ielshakankiry",
  "Blinking Cursor" : false,
  "Disable Window Resizing" : true,
  "Sync Title" : false,
  "Prompt Before Closing 2" : false,
  "BM Growl" : true,
  "Command" : "\/bin\/zsh --login",
  "Description" : "Default",
  "Mouse Reporting" : true,
  "Screen" : -1,
  "Selection Color" : {
    "Red Component" : 0.7764706015586853,
    "Color Space" : "sRGB",
    "Blue Component" : 0.81960785388946533,
    "Alpha Component" : 1,
    "Green Component" : 0.78431373834609985
  },
  "Columns" : 160,
  "Idle Code" : 0,
  "Ansi 13 Color" : {
    "Red Component" : 0.67843139171600342,
    "Color Space" : "sRGB",
    "Blue Component" : 0.82745099067687988,
    "Alpha Component" : 1,
    "Green Component" : 0.62745100259780884
  },
  "Title Components" : 3,
  "Custom Command" : "Yes",
  "ASCII Anti Aliased" : true,
  "Non Ascii Font" : "Monaco 12",
  "Vertical Spacing" : 1,
  "Use Bold Font" : true,
  "Option Key Sends" : 2,
  "Selected Text Color" : {
    "Red Component" : 0.086274512112140656,
    "Color Space" : "sRGB",
    "Blue Component" : 0.12941177189350128,
    "Alpha Component" : 1,
    "Green Component" : 0.094117648899555206
  },
  "Background Color" : {
    "Red Component" : 0.086274512112140656,
    "Color Space" : "sRGB",
    "Blue Component" : 0.12941177189350128,
    "Alpha Component" : 1,
    "Green Component" : 0.094117648899555206
  },
  "Character Encoding" : 4,
  "Ansi 11 Color" : {
    "Red Component" : 0.91372549533843994,
    "Color Space" : "sRGB",
    "Blue Component" : 0.5372549295425415,
    "Alpha Component" : 1,
    "Green Component" : 0.69411766529083252
  },
  "Use Italic Font" : true,
  "Unlimited Scrollback" : false,
  "Keyboard Map" : {
    "0xf700-0x260000" : {
      "Action" : 10,
      "Text" : "[1;6A"
    },
    "0x37-0x40000" : {
      "Action" : 11,
      "Text" : "0x1f"
    },
    "0x32-0x40000" : {
      "Action" : 11,
      "Text" : "0x00"
    },
    "0xf709-0x20000" : {
      "Action" : 10,
      "Text" : "[17;2~"
    },
    "0xf70c-0x20000" : {
      "Action" : 10,
      "Text" : "[20;2~"
    },
    "0xf729-0x20000" : {
      "Action" : 10,
      "Text" : "[1;2H"
    },
    "0xf72b-0x40000" : {
      "Action" : 10,
      "Text" : "[1;5F"
    },
    "0xf705-0x20000" : {
      "Action" : 10,
      "Text" : "[1;2Q"
    },
    "0xf703-0x260000" : {
      "Action" : 10,
      "Text" : "[1;6C"
    },
    "0xf700-0x220000" : {
      "Action" : 10,
      "Text" : "[1;2A"
    },
    "0xf701-0x280000" : {
      "Action" : 11,
      "Text" : "0x1b 0x1b 0x5b 0x42"
    },
    "0x38-0x40000" : {
      "Action" : 11,
      "Text" : "0x7f"
    },
    "0x33-0x40000" : {
      "Action" : 11,
      "Text" : "0x1b"
    },
    "0xf703-0x220000" : {
      "Action" : 10,
      "Text" : "[1;2C"
    },
    "0xf701-0x240000" : {
      "Action" : 10,
      "Text" : "[1;5B"
    },
    "0xf70d-0x20000" : {
      "Action" : 10,
      "Text" : "[21;2~"
    },
    "0xf702-0x260000" : {
      "Action" : 10,
      "Text" : "[1;6D"
    },
    "0xf729-0x40000" : {
      "Action" : 10,
      "Text" : "[1;5H"
    },
    "0xf706-0x20000" : {
      "Action" : 10,
      "Text" : "[1;2R"
    },
    "0x34-0x40000" : {
      "Action" : 11,
      "Text" : "0x1c"
    },
    "0xf700-0x280000" : {
      "Action" : 11,
      "Text" : "0x1b 0x1b 0x5b 0x41"
    },
    "0x2d-0x40000" : {
      "Action" : 11,
      "Text" : "0x1f"
    },
    "0xf70e-0x20000" : {
      "Action" : 10,
      "Text" : "[23;2~"
    },
    "0xf702-0x220000" : {
      "Action" : 10,
      "Text" : "[1;2D"
    },
    "0xf703-0x280000" : {
      "Action" : 11,
      "Text" : "0x1b 0x1b 0x5b 0x43"
    },
    "0xf700-0x240000" : {
      "Action" : 10,
      "Text" : "[1;5A"
    },
    "0xf707-0x20000" : {
      "Action" : 10,
      "Text" : "[1;2S"
    },
    "0xf70a-0x20000" : {
      "Action" : 10,
      "Text" : "[18;2~"
    },
    "0x35-0x40000" : {
      "Action" : 11,
      "Text" : "0x1d"
    },
    "0xf70f-0x20000" : {
      "Action" : 10,
      "Text" : "[24;2~"
    },
    "0xf703-0x240000" : {
      "Action" : 10,
      "Text" : "[1;5C"
    },
    "0xf701-0x260000" : {
      "Action" : 10,
      "Text" : "[1;6B"
    },
    "0xf702-0x280000" : {
      "Action" : 11,
      "Text" : "0x1b 0x1b 0x5b 0x44"
    },
    "0xf72b-0x20000" : {
      "Action" : 10,
      "Text" : "[1;2F"
    },
    "0x36-0x40000" : {
      "Action" : 11,
      "Text" : "0x1e"
    },
    "0xf708-0x20000" : {
      "Action" : 10,
      "Text" : "[15;2~"
    },
    "0xf701-0x220000" : {
      "Action" : 10,
      "Text" : "[1;2B"
    },
    "0xf70b-0x20000" : {
      "Action" : 10,
      "Text" : "[19;2~"
    },
    "0xf702-0x240000" : {
      "Action" : 10,
      "Text" : "[1;5D"
    },
    "0xf704-0x20000" : {
      "Action" : 10,
      "Text" : "[1;2P"
    }
  },
  "Window Type" : 0,
  "Blur Radius" : 0.10000000000000001,
  "Initial Text" : "",
  "Background Image Location" : "",
  "Blur" : false,
  "Badge Color" : {
    "Red Component" : 1,
    "Color Space" : "sRGB",
    "Blue Component" : 0,
    "Alpha Component" : 0.5,
    "Green Component" : 0.1491314172744751
  },
  "Scrollback Lines" : 5000,
  "Send Code When Idle" : false,
  "Close Sessions On End" : true,
  "Terminal Type" : "xterm-256color",
  "Visual Bell" : true,
  "Flashing Bell" : false,
  "Silence Bell" : false,
  "Ansi 14 Color" : {
    "Red Component" : 0.58431375026702881,
    "Color Space" : "sRGB",